{"loss": [1.3357309103012085, 0.49786874651908875, 0.33295321464538574, 0.24029916524887085, 0.19983579218387604, 0.16118021309375763, 0.13795527815818787, 0.12128118425607681, 0.10296094417572021, 0.09914594143629074], "accuracy": [0.6059890389442444, 0.8462337255477905, 0.8950138688087463, 0.9253574013710022, 0.9381464123725891, 0.9512625336647034, 0.9588733315467834, 0.9646347761154175, 0.9704815149307251, 0.9716907143592834], "val_loss": [0.8139306306838989, 0.4390156865119934, 0.3586510121822357, 0.25196343660354614, 0.33574774861335754, 0.21896637976169586, 0.18473590910434723, 0.23429161310195923, 0.2975066304206848, 0.20974719524383545], "val_accuracy": [0.7602435946464539, 0.8626223802566528, 0.8897109031677246, 0.928579568862915, 0.9133280515670776, 0.9408149123191833, 0.9478147029876709, 0.941725492477417, 0.9363760352134705, 0.9540177583694458]}