{"loss": [1.2471792697906494, 0.45345044136047363, 0.296902060508728, 0.2244049310684204, 0.18721473217010498, 0.16319796442985535, 0.1343524008989334, 0.13946694135665894, 0.1335456222295761, 0.1279347836971283], "accuracy": [0.6307276487350464, 0.8570452928543091, 0.9056262969970703, 0.9287146925926208, 0.940963089466095, 0.9497830867767334, 0.9594850540161133, 0.9608080387115479, 0.9638807773590088, 0.9671811461448669], "val_loss": [0.6123170256614685, 0.36975061893463135, 0.24450519680976868, 0.21154318749904633, 0.18161006271839142, 0.16104452311992645, 0.14885947108268738, 0.12617172300815582, 0.27122119069099426, 0.14934983849525452], "val_accuracy": [0.8185181021690369, 0.890166163444519, 0.9228317737579346, 0.9326200485229492, 0.9415547251701355, 0.9471887350082397, 0.9536194205284119, 0.9605622291564941, 0.9331322312355042, 0.9549852013587952]}